timestamp,accel_x,accel_y,accel_z
1311868163.6,-0.28290901091779996,1.1844715605065823,1.2581114490279646
1311868163.7,-0.3414953952230118,1.3220567953237332,1.2027296972486288
1311868163.8,-0.3064394063608901,1.296953174708909,1.2374007474228967
1311868163.9,-0.1066689696934676,1.2123178199739568,1.4078262947992055
1311868164.0,0.031633822323345745,1.0523710043842927,1.1861267254801584
1311868164.1,0.3509782442079959,1.210166294996343,1.0552556927661743
1311868164.2,0.5074899344888153,0.8314431249510521,1.131882779470478
1311868164.3,-0.07401416441026887,1.1032959197816785,0.8230569878024935
1311868164.4,-0.4644313262087782,1.177172511509107,1.409779647968533
1311868164.5,-1.3835684017173258,1.6268887932433815,0.6006249467295219
1311868164.6,-1.640701718987517,1.5170789549822932,1.0699627253453692
1311868164.7,-1.1156067095992066,1.0552402035296438,1.5152578643462942
1311868164.8,-1.250067936753074,0.9806459076839661,1.4849818078250496
1311868164.9,-1.70249194729035,1.5633315306119064,1.0489174150277143
1311868165.0,-1.0561577644315792,0.7933851316424158,1.2547114955557526
1311868165.1,-0.5046565142545336,0.7302132319532973,1.6138230356196452
1311868165.2,-0.48940256060795856,1.0896681972328996,1.519652735652208
1311868165.3,0.46142851788888783,1.3959341058634487,1.663220462010892
1311868165.4,0.9524267975472266,1.9336672883828918,1.0486683512689081
1311868165.5,1.6252509114382896,0.9390596787834067,0.697016509249595
1311868165.6,1.1438182049626393,1.2797395672139362,0.9243846192698209
1311868165.7,1.0079164361036117,1.275436068001029,0.8858067404097894
1311868165.8,0.584844027863777,0.7152635860069202,0.9419643899700643
1311868165.9,0.13872207002513043,0.8802307962639175,0.9522191984368489
1311868166.0,0.1291177367622813,-0.06582279403245601,0.6274828085295167
1311868166.1,-1.2237439560268193,0.4212199782634784,1.0598797784688765
1311868166.2,-1.3830884617806447,0.5786270741775839,0.7290543185686247
1311868166.3,-1.3124963836985832,1.1047301299976984,0.2636802932301538
1311868166.4,-1.3417897244766543,1.285477396444911,0.276865111059744
1311868166.5,-1.4800923159670463,1.0322881378429454,0.25928542192424014
1311868166.6,-1.6870659424236794,0.8393475088155333,0.37257688784982995
1311868166.7,-1.9266950960586278,0.42621143462390265,0.42360688848249334
1311868166.8,-1.9430909138135528,0.5020935120213623,0.7479496427944416
1311868166.9,-1.7509350112849171,0.5366680242403925,0.4936815217585082
1311868167.0,-1.1374143731205801,0.9770317012987507,0.5182032698557902
1311868167.1,-0.2468924438785432,0.5431233179855209,0.4336175532920933
1311868167.2,0.1968283704864647,0.8250027111092564,1.0464658074160529
1311868167.3,0.09790375392123223,1.0136398708742735,0.5024714886733698
1311868167.4,0.32648682942964385,0.6901596359364642,0.6475040565839769
1311868167.5,0.24148873271671975,1.00574967805135,0.9776120147730709
1311868167.6,0.16849559137158812,0.6707940542061982,0.9268260762328525
1311868167.7,-0.20031147969059443,0.8092235534343994,0.684128439536387
1311868167.8,-0.40776568776845656,1.4418380874842864,0.311047751572533
1311868167.9,0.08117428230013458,0.7538632306570577,0.9472659224383724
1311868168.0,0.5570010160529802,0.3736974302149996,0.8483016090031765
1311868168.1,0.3879254419468282,0.809486618560759,1.1002412368216683
1311868168.2,0.07005131579587935,1.5695086739524036,0.5713252813163515
1311868168.3,0.09454212899496751,1.3224160517147692,0.39967893408937927
1311868168.4,-0.643072157036594,0.7126331916897157,0.6970165292409527
1311868168.5,-0.6661032640784115,0.045395055692736275,0.8072461265939652
1311868168.6,-0.5172551190491642,0.31432024543473763,0.6111237561151969
1311868168.7,-0.4627553389618064,0.9763284221692353,0.43394315533498057
1311868168.8,-0.3505313154736378,0.8826754010595254,0.6338409672571386
1311868168.9,-0.9244800445314386,1.5652051747394966,0.7456574126842047
1311868169.0,-0.7093421853589896,0.9799290421800508,1.0572089643707618
1311868169.1,-0.9493338612984975,1.341569443847512,1.1293913720111497
1311868169.2,-0.8284364311659574,1.37047155831322,1.214449551179186
1311868169.3,-0.5076507456810309,1.7050690039857657,1.2452138950148004
1311868169.4,-0.29155256547709274,1.2790222225018308,1.5421160116228783
1311868169.5,-0.7794542432938014,1.0186605051457023,1.2828151176813531
1311868169.6,-0.9787446999192586,1.2933669902575957,1.6075515891534249
1311868169.7,-0.44714330174605793,1.5924605599360302,1.979167048132842
1311868169.8,-0.6565184727291721,1.8169602530759545,1.795068293656649
1311868169.9,-0.6512360453187924,1.8894025746863392,1.2764669747708524
1311868170.0,0.07341306103799682,1.2991052687462497,1.312114762703339
1311868170.1,0.36636475928375345,1.3920697049941309,2.102803015857091
1311868170.2,1.1817553975509334,0.19202886076730968,1.7115647804585992
1311868170.3,0.3766548749009111,1.0934593110331403,1.8990018199314689
1311868170.4,-0.6440326550031606,2.2171865184906396,2.1749855953660373
1311868170.5,-0.8794148776486092,2.0782222628547835,2.1801846786127355
1311868170.6,-0.5777629239316954,2.157654574716928,2.014814693327034
1311868170.7,-0.24811743850576112,1.937326721395481,2.0644345669507045
1311868170.8,-0.283389174972246,1.6125436361309613,1.923009459746122
1311868170.9,-0.25560230584113774,1.5613801960308058,1.839314516103071
1311868171.0,-0.446574959122701,1.5765055077942747,2.1047961085328226
1311868171.1,-0.40578790589833064,1.3546427056918322,1.8780932321415915
1311868171.2,-0.5086113875547938,1.4626385083913227,1.813136331280077
1311868171.3,-1.0186029356233732,1.582418991888053,1.780906962371875
1311868171.4,-1.118390361723042,1.5710164958032529,1.6628118484659562
1311868171.5,-1.0080381610131826,1.6182817349165441,1.861480649727784
1311868171.6,-0.662846028119678,1.230530720428036,1.9259682558644704
1311868171.7,-0.9273614888893167,1.438251603527853,1.920079654295166
1311868171.8,-0.7746520766623769,1.6369302714398233,1.417104528637252
1311868171.9,-0.47499590029254785,1.5551636965430546,1.5128162034714132
1311868172.0,-0.8212331611661784,1.4353825241845501,1.154385603103956
1311868172.1,-0.20511352600616622,0.9663009901756411,1.1172728920548067
1311868172.2,-0.35157994915953183,0.9415559969911016,1.3213927518471655
1311868172.3,-0.830357634702915,1.0946888315043288,1.3196836035085782
1311868172.4,-1.133375155262019,0.7747952003250004,0.7759336935084837
1311868172.5,-1.375649963648532,0.7421528555339423,0.7753557698743287
1311868172.6,-1.6609458835068516,0.9636713358122616,0.9091029047244922
1311868172.7,-0.9194425335442035,0.3527881927938798,0.30496862831639343
1311868172.8,-0.8615243821692709,0.9404661783159435,-0.17335171230686156
1311868172.9,-0.864560743771592,0.6718916438946445,-0.24315154124554866
1311868173.0,-1.0306081316228715,0.31001677617234236,-0.5772160401646824
1311868173.1,-0.8860627515853264,-0.2178801056609716,-0.8326102277675536
1311868173.2,-1.7403702767800104,0.08193098843264066,-0.4946889996394466
1311868173.3,-1.4778043952155069,-0.5678701453848686,-0.25282431645884
1311868173.4,-1.4935383745139783,-0.3010811902788799,-0.006607717802600108
1311868173.5,-1.0709465077900886,-0.39360655813368384,-0.1689759943210059
1311868173.6,-1.3283834938190948,0.18963800873620087,-0.6012050109305405
1311868173.7,-1.3092572198646024,0.36455597606118034,-0.6070997039165377
1311868173.8,-1.0839124258739181,-0.34411615245743765,-0.18313746834407454
1311868173.9,-1.9790387083306271,0.24116057911224695,0.051258835402042804
1311868174.0,-1.8589841414921702,0.4498805754680993,0.4604755578303826
1311868174.1,-0.8961473456271307,0.049654489756486585,0.20410465286047816
1311868174.2,-0.905232208238626,0.27374429913792275,0.38270211408169474
1311868174.3,-0.5734407373422362,0.41330096693569357,0.5644888510914816
1311868174.4,-0.5143739153229917,0.4936329722102987,0.4624288294349697
1311868174.5,-1.2875250690888345,1.462279581455918,0.7627490388083732
1311868174.6,-0.6016418256448033,1.2997944505808683,0.4466300708067652
1311868174.7,-0.3755222276533092,1.23215178859234,0.6644859011460874
1311868174.8,-0.4471434621671949,1.0265500690078746,1.1621987099134896
1311868174.9,-0.4144884563575749,1.2488974285063623,0.9380577855873351
1311868175.0,-0.9220788208472315,1.710089788009754,1.07527687964708
1311868175.1,-1.4726734857937225,1.228858454745919,1.298062988261442
1311868175.2,-2.1086978490636383,1.6957446907983575,1.94742580340953
1311868175.3,-1.2841634040572854,0.9146590595217811,2.2340727445094943
1311868175.4,-1.128469086062005,1.6527940622143178,2.1466722659617807
1311868175.5,-0.6499324042291501,1.8092461075286643,2.05372128807568
1311868175.6,-0.637682081458384,2.153233880373166,2.531333505023467
1311868175.7,-1.163148395871487,2.187061784396195,2.4508892163818135
1311868175.8,-0.8899042763429879,2.161957924177275,2.736071479059334
1311868175.9,-0.5628758424161925,2.012769721842574,2.7800207426804633
1311868176.0,-0.644542417720299,1.7660645901602359,3.1442315585824954
1311868176.1,-1.3243230451273837,2.2948039285753987,3.2152427850609357
1311868176.2,-0.8438035729339941,1.5422530791022866,3.2800654103695037
1311868176.3,-0.7391160165384276,1.9031287216646184,3.028530340477755
1311868176.4,0.13262637456502224,1.840717310897471,2.7246704858328705
1311868176.5,0.37931134416514645,2.5227351722606186,2.533904768524453
1311868176.6,0.20835390728627143,2.784531698843007,2.4821421330083866
1311868176.7,-0.073534104157735,2.1752271690483287,2.458702731015046
1311868176.8,-0.3386139107598495,2.132550654596984,2.7385130991518456
1311868176.9,-0.4749960206084005,1.959693251517063,2.467004104747764
1311868177.0,-0.6051352616992302,2.245159098646719,2.794670442844347
1311868177.1,-0.9864282306979928,2.120357411818832,2.2799755040382452
1311868177.2,-1.2635141958264273,2.1332679693585774,1.9024998428125528
1311868177.3,-0.7307857213052305,1.1999489675643875,2.0210831574743415
1311868177.4,-1.4772111924514426,1.4791352204318686,1.9571925080826096
1311868177.5,-0.8765900894753337,0.7920935149149926,1.6880292964013428
1311868177.6,-1.5912577724495065,1.7938764522016943,1.3454003334012903
1311868177.7,-1.2174506409199477,1.3300314597484355,0.8401627474167824
1311868177.8,-1.4040710234972813,1.1827496110119968,1.3937347034476306
1311868177.9,-1.607274750938992,1.4896547687003172,1.202576396720141
1311868178.0,-0.9552141144454879,1.1417637412264234,1.2816192038153857
1311868178.1,-1.1002399287787281,1.5494255678069606,1.7071698275879459
1311868178.2,-1.0821288824974533,1.536251591847062,1.4146628215700945
1311868178.3,-0.6030539641585512,1.6661546038802892,1.3900071507795702
1311868178.4,-0.11483247805874153,1.421711115452276,1.1969097480337016
1311868178.5,0.2363854155058234,1.3539397495580339,1.1125714656720402
1311868178.6,0.009063450660814263,1.0946888015538168,1.0445122707260615
1311868178.7,-0.23488740093390553,1.2061701167642527,0.9283310010282985
1311868178.8,-0.11153685079908947,1.0171135905658877,0.913172185582506
1311868178.9,-0.47597622485765306,1.2859456892028482,1.0628693758678114
1311868179.0,-0.315864938470858,0.9415206125166407,0.9296889654115794
1311868179.1,-0.6987776513805042,0.7877055781616733,1.6851951447994191
1311868179.2,-1.6304593782485903,1.894145356835787,1.134125206400326
1311868179.3,-0.8346889141826064,0.84553556412589,1.24662165604252
1311868179.4,-1.0541389446327445,1.1255306407562713,1.2251928100898195
1311868179.5,-0.9830666057717281,0.7568641582663862,0.7036615022324025
1311868179.6,-1.213453676714624,0.98879920291858,0.6288579650724984
1311868179.7,-0.9830667260875807,0.9619976407152936,0.5044247398867718
1311868179.8,-1.2711973656576032,0.8608653043851876,0.7322285939357245
1311868179.9,-1.2068483167544002,0.782685093642804,0.6089264632005347
1311868180.0,-1.1722923139232857,0.8519361209673325,0.7638951332642335
1311868180.1,-0.20415300444825593,0.2748714677074927,0.4077362661208373
1311868180.2,0.3088886133981757,0.2618906421558204,0.6185014511523699
1311868180.3,0.3682658676178736,0.6026551419571846,0.631389351738691
1311868180.4,0.6559653033563366,0.8431537751298894,0.5022919817432449
1311868180.5,0.4746104894300247,0.9074162581730437,0.2694922271427333
1311868180.6,0.2552172055979732,0.7428707000324822,0.08086473043276142
1311868180.7,0.18578337520260288,0.5395371335342074,0.40089967276648786
1311868180.8,0.11988594885115472,0.8943858678678817,0.5742951908181616
1311868180.9,0.3168919767414413,0.5115220812030999,0.5036012822658564
1311868181.0,0.6150978099891898,0.3781554787677724,0.5786502435498104
1311868181.1,0.38204518879983784,0.4962384925494125,0.5237187059519466
1311868181.2,0.40044033191154865,0.5890272996063579,0.5996482497536736
1311868181.3,-0.16573567139685935,0.9168109738560503,0.3940631609768777
1311868181.4,-0.012908867729004007,0.5368582326070713,0.5244660220723539
1311868181.5,-0.016829036493664278,0.7502035837122403,0.6039434951399183
1311868181.6,-0.11291187855647337,1.043046990702004,0.3183728361531013
1311868181.7,0.2523924567436038,0.7386516418835772,0.31784614384113563
1311868181.8,-0.07545478632599725,0.764754021633678,0.39870221672234607
1311868181.9,-0.08611356064507907,0.41307577608339824,0.21682977301645434
1311868182.0,-0.3309305944216148,0.2957009277752032,0.48634678257609487
1311868182.1,-0.4068050859999778,-0.4968906290949872,0.016099334783926004
1311868182.2,-0.6524885239095425,0.2685709276704295,0.2855305538061546
1311868182.3,-0.1966658373259868,0.49916581891490613,-0.015930902967461018
1311868182.4,-0.3943194286951034,1.280456852025018,-0.02687333381727937
1311868182.5,-0.3872825702522523,1.2735038797910692,0.4584424031346063
1311868182.6,-0.34341631802297956,0.5918963489991493,0.9346394685189753
1311868182.7,-0.5859263144365421,0.7374980074763934,1.1529206799872933
1311868182.8,-0.44167474816687574,1.2947286768369766,0.8981844443449404
1311868182.9,-0.5625651239741025,2.3841090144472576,1.3605641789174912
1311868183.0,0.20883372690709973,1.1649794783845397,0.9473357543399769
1311868183.1,0.2717913426164756,0.798874174195185,1.727091376064783
1311868183.2,0.21891864179117806,0.9469353485443512,1.1116572820717847
1311868183.3,-0.8918251590376713,1.7100900575643623,1.482051839244614
1311868183.4,-1.0507869198106012,1.588804176770053,1.094379130182332
1311868183.5,-0.35878309884345805,1.2417252992078316,2.011396539388153
1311868183.6,0.6804075007661559,1.0502191499510471,1.6363626206020823
1311868183.7,0.7480891056308152,1.2661846470249287,0.9980916167147144
1311868183.8,0.3697065296388862,1.748821370777453,1.3824334376806136
1311868183.9,-0.07434352473213442,1.6626387367711584,1.328966418566172
1311868184.0,-0.5460485048982853,0.8834072632126455,1.1351215446648764
1311868184.1,-0.22970809314837873,0.42151386301796084,1.5482341895467833
1311868184.2,0.09489528221403998,0.7897259431238018,1.3628405601485547
1311868184.3,-0.7520817049998453,1.8424225909725995,1.5269777182768518
1311868184.4,-0.4684047973516391,1.2463520490110067,1.723456921109951
1311868184.5,-0.3622919036151375,1.6892164968958678,1.5075942528041328
1311868184.6,0.17761978417133487,2.224358617838658,1.5753219755510037
1311868184.7,-0.29827593564547494,2.7027651538967494,1.8189963500056876
1311868184.8,0.35097808378685885,1.6261714185807643,2.320506532155754
1311868184.9,0.8375991314624048,0.9907440440273385,2.431528723084392
1311868185.0,-0.16432469056009624,1.7316659687406952,2.554254861472984
1311868185.1,-0.2235877122197973,2.174559171034644,2.3458324294209567
1311868185.2,-0.14076435678711047,1.9051821816188756,2.512418536179775
1311868185.3,-0.19694985476432972,1.8757748521375603,2.846432813275009
1311868185.4,0.08999449832558241,1.5918752548064856,2.5084120861519557
1311868185.5,-0.9081721301933241,2.881462944706673,2.4271906673967916
1311868185.6,-1.1237704610516115,2.7285860892731675,3.2683455972213165
1311868185.7,-0.7522984661974632,1.6988528697768073,3.0419352655554213
1311868185.8,-0.16141372543910568,1.6828342530606608,3.440724538549322
1311868185.9,-0.8135496303874443,2.345574299918303,3.0542152153576523
1311868186.0,-1.441194601820842,2.168413307773939,2.873290838204483
1311868186.1,-0.4980269695400698,2.015638752898317,2.8771476102765594
1311868186.2,-0.08940950727054008,1.9664156216118396,2.7431952702586293
1311868186.3,-0.19070706621717673,2.088798168003248,2.919681660744569
1311868186.4,0.21411623452804796,2.413713122315781,2.5292656108230602
1311868186.5,0.9783688757924287,1.9502423745132647,2.188802273243791
1311868186.6,0.7015372906182432,1.8607125000655944,2.227724581207809
1311868186.7,0.1992296342759561,2.145461182186217,2.4147533246556225
1311868186.8,0.1340966424705671,2.13859605663757,2.276208404074565
1311868186.9,-0.018318329935217304,2.5374036627676646,2.2989148717874
1311868187.0,-0.042309969768918224,1.7543543372841084,2.3210545498284003
1311868187.1,0.06668961065904612,1.111903097910564,2.3952202619596066
1311868187.2,-1.0757487145267972,1.8076359398885467,1.9293577250037321
1311868187.3,-1.5630193168226765,2.0564235168012615,2.193589723638549
1311868187.4,-1.4459967283469823,1.916299482205148,1.8150897456229587
1311868187.5,-1.0666245618323347,1.7351935583771378,2.099294985065672
1311868187.6,-1.300970927109345,1.6835515678222541,1.701309890427075
1311868187.7,-1.0109192845287864,1.241725059603736,1.6007148530607807
1311868187.8,-1.6630554301088307,1.2567874416262135,1.619759587660057
1311868187.9,-1.9038894717095067,1.4959976758998492,1.7380538851572664
1311868188.0,-1.3290306191208128,1.5515352572047414,1.8213613972005096
1311868188.1,-0.2685025747201542,0.2985404887496416,2.1412909974733987
1311868188.2,0.34809688006068634,0.91896243893264,1.8902918443059207
1311868188.3,0.9534168227284161,2.65061665672691,1.1020390588104874
1311868188.4,0.8686530022130354,2.015638651433318,-0.17434756260276799
1311868188.5,0.7823903367790359,0.9017046727695657,0.8326591401907889
1311868188.6,0.6419901276094749,0.6564490168958257,0.6521432550677397
1311868188.7,0.6488979574052558,0.13906258067920782,0.5431902772531753
1311868188.8,0.4044025769169252,0.9076360475826406,0.24624309769495153
1311868188.9,0.9618907547402752,0.8131891580184815,0.31784618382385116
1311868189.0,1.4195103313826178,-0.2064321825476327,0.566317650105321
1311868189.1,0.10576735074205784,0.9240728885497661,0.24675183651817423
1311868189.2,-0.16931902301466134,0.252857362204044,-0.007819263192409928
1311868189.3,-0.6267447909615774,0.46063939837664664,0.37550681564789573
1311868189.4,-0.6494423831335676,-0.05048224815817762,-0.23044523211678675
1311868189.5,-0.8144442385174923,0.36877512229982606,-0.298305555010267
1311868189.6,-1.2144337598295485,-0.18295424887594397,-0.09167108798371486
1311868189.7,-0.9955526240241608,-0.3362265586447534,-0.16067449824117838
1311868189.8,-0.7956120552362812,-0.03766727262569637,-0.6114084212666342
1311868189.9,-0.05816680196856121,-0.03641570415523677,-0.48248096035044463
1311868190.0,0.01622712337660535,-0.010594516695343142,-0.7085347987276762
1311868190.1,0.4746106467056493,-0.41105957122883724,-0.2284079116218772
1311868190.2,0.43223831296073656,-0.21627682774122642,-0.10489052794010616
1311868190.3,0.13801660661643014,0.04978625917320485,-0.26059185122213935
1311868190.4,0.5805412451544942,-0.011297755450393797,0.08852459908684351
1311868190.5,1.1631343953923758,0.062228374202452995,-0.1843533306149579
1311868190.6,0.8388797214982833,0.16871825750186217,-0.1904621858833142
1311868190.7,0.42301058325822743,-0.1662377856504564,0.04051557649140927
1311868190.8,0.3996858663932902,-0.37031789759127876,0.21726951271377987
1311868190.9,0.3548196887550889,0.11707635679851452,-0.13528155955784668
1311868191.0,0.5968496249161176,0.07117216552409344,-0.33158823097593215
1311868191.1,0.7063393770390992,0.14504905675664193,-0.40679037044126387
1311868191.2,0.3221652043141642,-0.09738188809548061,-0.33256500951652
1311868191.3,0.06432580212002716,-0.09335419853950025,-0.23437411167628083
1311868191.4,-0.11973256624328849,0.0007497834563205427,-0.19431910610359107
1311868191.5,0.028272518239355122,-0.018484512344062887,0.02879570216966712
1311868191.6,0.10322547714390526,0.5416155658154548,0.10365911034540987
1311868191.7,0.42320655159117615,-0.15807007994094135,-0.09740134386676774
1311868191.8,0.06155529823346435,0.1638904895522404,0.10792333766629085
1311868191.9,0.4344157841526266,-0.1906543115702608,0.004115066659096771
1311868192.0,0.10798874901587908,0.14146290225584074,-0.1230732755746253
1311868192.1,-0.025380437984577595,0.30900411882498363,-0.16425544460521854
1311868192.2,0.33465070119790163,-0.03498107463204924,-0.5562178504401547
1311868192.3,-0.2588981072273741,0.5086806687021547,-0.0014803568484575162
1311868192.4,0.21123515111772817,-0.1985141944750744,-0.13039819702571415
1311868192.5,0.03307428381793711,-0.258046228100322,-0.23953895569376027
1311868192.6,-0.33632078554926326,-0.07902624740847862,-0.07672239353976779
1311868192.7,-0.279968646023588,-0.3271365635933318,-0.4439630149282465
1311868192.8,-0.47084011361248496,0.07837221676337633,-0.2259221615912654
1311868192.9,-0.5724802959948945,0.2555056164226195,-0.28690653638324887
1311868193.0,-0.4890024535816943,0.08279760649638654,0.08651992320422293
1311868193.1,-0.7083819846433533,0.43123188919225997,-0.02589659605906119
1311868193.2,0.2155570970754819,0.20996002262797142,0.22510267945552637
1311868193.3,0.16129216095067214,0.228967276433072,-0.17337102875639895
1311868193.4,0.29047055964131746,0.10488302416882749,-0.2666409611509397
1311868193.5,-0.3116279331460224,0.3139264561034041,0.21060602353092442
1311868193.6,-0.37945290615094174,0.2568804335254722,0.36832422976542484
1311868193.7,-0.7251896681165501,0.4943502570213807,0.45949873850742473
1311868193.8,-0.5839684824349722,0.6625179882026426,0.2539514753786769
1311868193.9,-0.3967204518528893,0.30140968789499256,0.5737669829736026
1311868194.0,-0.49312667673672567,0.23568612245880535,0.7509393650373659
1311868194.1,-0.4556930736368216,0.7597471088075841,0.28361554166207903
1311868194.2,-0.9216986578446166,1.0040166390980616,0.49371202612153303
1311868194.3,-0.6536372288977154,0.6464074488478484,0.513702892160078
1311868194.4,-0.48676597945628924,0.5037869797655825,0.6371726396348861
1311868194.5,-0.5935496605520374,0.5766547181543044,0.6669148783744919
1311868194.6,-0.8398679611794702,0.6620041709071387,0.7266990175605457
1311868194.7,-0.7645968085865902,0.6272464939052161,0.6378272774525918
1311868194.8,-0.6656425853183504,0.6277588224730328,0.9712637495154607
1311868194.9,-0.6401909698243621,0.5983517325958136,0.7671438285495471
1311868195.0,-0.4444820788461317,0.569183375753602,0.9741528337701085
1311868195.1,-0.9104879014247952,0.9699996734480194,0.8358541899975481
1311868195.2,-0.6872524354229715,0.8938586985157684,0.9258495219952988
1311868195.3,-0.3501393673490877,0.6621869958793606,1.1094595813334236
1311868195.4,-0.478426084793009,0.9265888417045679,1.2851071576125797
1311868195.5,-0.560954959721509,0.7475396354253948,1.0591622767577187
1311868195.6,-0.3907223165489863,0.5417590610074204,1.111853516040232
1311868195.7,-0.2749051978645454,1.1470929802248475,0.864788557978069
1311868195.8,-0.07161298083134592,1.09612337117598,0.3296043008133644
1311868195.9,-0.16239245479606776,0.8659689073344773,0.5009312326768064
1311868196.0,-0.11883443977727719,1.0055105768746326,0.8665690270348524
1311868196.1,-0.35032388867692366,0.5804478544996103,0.367346168540877
1311868196.2,-0.4850005310817614,1.1235580551124003,0.5046485195472716
1311868196.3,-0.22842279742581412,0.2804439724162991,0.4384820524096113
1311868196.4,-0.5018882981234014,0.42477707465532283,0.5679070662039165
1311868196.5,-0.5892879794680911,0.4462944808683221,0.2929798566873996
1311868196.6,-0.5614351402898956,0.21247038468945398,-0.013200106326210439
1311868196.7,-0.5050096422653727,0.37343363080371944,-0.08795470176393118
1311868196.8,-0.44042049305165526,0.3096581187915456,-0.19632212304418528
1311868196.9,0.034034725165278876,-0.07371265739974811,0.06102521381616342
1311868197.0,-0.2861409728287257,0.02526805834149454,0.46571555826558486
1311868197.1,-0.037997894621942446,0.21964308304771202,-0.1513963255766872
1311868197.2,-0.009184614096405235,-0.30251552029694784,-0.2280633269851273
1311868197.3,-0.4029630833210122,0.04618784778193519,0.07075103756198638
1311868197.4,-0.5902483807101485,0.18378054967280458,-0.13528149838429177
1311868197.5,0.3039169390305234,-0.38715117453701964,-0.33451832190347713
1311868197.6,0.6871307105134009,-0.5729193448102692,-0.2954522984673708
1311868197.7,0.01146439360803165,0.1267591776141589,-0.3794442621092696
1311868197.8,0.3969285590920578,-0.39066706043862826,-0.38112941042301984
1311868197.9,0.6961470331941044,-0.35128868700473254,-0.6896205927501171
1311868198.0,0.25157336686380827,-0.1554791723954926,-0.9454134675523289
1311868198.1,0.13375040981228434,-0.7717945779322751,-0.3409143153282961
1311868198.2,0.051773589497814826,-0.46180384515298983,-0.4663861190161618
1311868198.3,0.03364284988502055,-0.3593394763065245,-0.7314770786830236
1311868198.4,0.6446951864717735,-0.6469716323532417,-0.7000847038296781
1311868198.5,0.5521892626858625,-0.5693329207548603,-0.88510515151688
1311868198.6,0.10079432498360175,-0.6149837688702671,-0.9374375195387227
1311868198.7,0.004241829692625214,-1.3583675309857666,-1.0284585407208429
1311868198.8,-0.46322614354383673,-0.681786477200124,-0.9805249329359816
1311868198.9,-0.08265813653634474,-1.0513255214622177,-0.5498697687032087
1311868199.0,-0.032019240295368935,-0.9192341941964832,-0.9606907888295116
1311868199.1,0.14160403575170383,-1.0412839234637281,-1.0516239313809803
1311868199.2,0.3683250073611214,-1.141728479293214,-0.8854490642481749
1311868199.3,0.013865898029228637,-0.579374458852326,-1.012802296296278
1311868199.4,0.4998458509402844,-1.3532882603354919,-1.0010823811921659
1311868199.5,0.17329775878939083,-1.1803460468019213,-0.986748842352374
1311868199.6,-0.441981096609447,-0.6109184915516452,-0.8550325692841065
1311868199.7,-0.14913375013072164,-0.8950821013468295,-1.0140080362165025
1311868199.8,-0.11671605507157777,-0.8660217074500838,-1.0915947976553353
1311868199.9,-0.44020464395636866,-0.7421171351745296,-0.9487319414724781
1311868200.0,0.10665525649914798,-1.3642223670872349,-0.8017360507676988
1311868200.1,-0.3709489566116821,-0.7148363679797767,-0.9187659712117662
1311868200.2,0.28834983231519057,-1.0987986665621816,-0.8214602038006417
1311868200.3,0.3489068062762186,-1.0534211211995463,-0.7887853015955938
1311868200.4,0.21249944483114017,-1.1614893075389054,-1.0307006971553807
1311868200.5,0.1492869649511741,-0.7199556328107005,-0.7598496064388084
1311868200.6,0.5569917501595611,-0.9215030506103425,-0.9351584347825098
1311868200.7,0.757062419998078,-0.9602047315356569,-0.8585932737486793
1311868200.8,0.40668336109040726,-0.8605367468680512,-0.9986407814908393
1311868200.9,0.6516683841662719,-0.5871537322580676,-0.5813667685976877
1311868201.0,0.7137879563301135,-0.6916168434661638,-0.752405113576161
1311868201.1,0.4689611489969105,-0.7169459998255936,-0.7483309499310073
1311868201.2,0.5129514557291746,-0.6456603366697965,-0.5226152176411895
1311868201.3,0.7957338921376169,-1.0781948238245356,-0.9776615657638904
1311868201.4,0.5118510068344981,-0.8519297484422371,-0.9346703105976201
1311868201.5,0.35460441668481046,-0.9690026237517286,-0.8261522683386776
1311868201.6,0.11375099604708712,-0.6094990431942106,-0.7788943614292697
1311868201.7,0.31932285687910855,-1.0978149775246775,-0.8323809014273215
1311868201.8,-0.005343169549312228,-1.1158781594083824,-0.8941392213065562
1311868201.9,-0.4005621370316878,-1.0821671210605766,-1.072866264762693
1311868202.0,-0.15709161906021496,-1.2335070580264744,-1.2003188580612074
1311868202.1,-0.23300384317930903,-1.4679498900867562,-1.0542522607594402
1311868202.2,-0.6695334526712486,-0.8270162011111707,-1.0224790130056685
1311868202.3,-0.2927953959946561,-1.2963721279159817,-1.531087385887367
1311868202.4,-0.4481038634092524,-1.3604607490401661,-1.162229633556874
1311868202.5,-0.5795436420000143,-0.8649449131367765,-1.3967681318325804
1311868202.6,-0.19070694590132398,-1.3547226203040719,-1.2701494904183321
1311868202.7,-0.2857899976036107,-0.8698609402534109,-0.9969315108051423
1311868202.8,0.6919330776712468,-1.1775616281597079,-1.1177920622301907
1311868202.9,0.3188331222498421,-0.48449258043736587,-0.724251753605193
1311868203.0,-0.3474086095534498,-0.22330859132273476,-1.2261237410618337
1311868203.1,-0.17678098752299523,-0.24657021023222878,-1.0484499210992848
1311868203.2,0.43549652130009164,-0.5678983810832086,-0.6568129897623731
1311868203.3,0.13605652223409997,-0.4983982058406263,-0.5411297576945496
1311868203.4,-0.8572494309545049,-0.06582279403245607,-0.5674495190122673
1311868203.5,-0.9277730149403848,-0.6832001994921791,0.24118745711582565
1311868203.6,-0.6724732109309088,-0.5584130111570242,-0.5705290190648317
1311868203.7,-0.8052683549011432,0.30521544138323603,-0.7703435926850271
1311868203.8,-0.8464587535010204,-0.04329247794817377,-0.5223607164115626
1311868203.9,-0.21185628667024814,-0.649167402183084,-0.9586975713097904
1311868204.0,-0.4717003901069449,-0.3428505395459257,-0.6784334664734797
1311868204.1,-0.3206404378806977,-0.5108403819933681,-0.1674113354219633
1311868204.2,-0.049861883061090656,-1.303404155766713,-0.27724060134765627
1311868204.3,-0.00751834921128004,-0.7391895031915667,-0.6836410026129479
1311868204.4,0.12335508867823071,-0.978883259752857,-0.7256668843612795
1311868204.5,-0.17630052621761877,-0.4882837504712213,-0.8023341916374938
1311868204.6,-0.7282876684273557,-0.6199059006059583,-0.7210421268347199
1311868204.7,-0.9552140473305224,-0.5212772344533377,-0.8838843312750317
1311868204.8,-0.005823269907130326,-0.7429078182994467,-0.8125885922805797
1311868204.9,-0.13933361468538707,-0.07609870711075692,-0.18983450193187332
1311868205.0,-0.16991669760865613,-0.778826224060795,-0.797163479725924
1311868205.1,-0.13737344845553803,-0.8109147753163211,-0.42502794786685155
1311868205.2,-0.16093354487071904,-0.8691436853928411,-0.30473043034949204
1311868205.3,-0.7583246138628512,-0.36276456917866967,-0.580146008745118
1311868205.4,-0.36070398153814154,0.14218009721538633,-0.25638619346652486
1311868205.5,0.08243349674910677,0.1827819731769245,0.45189629422889965
1311868205.6,0.1560100142772822,0.38030727329999403,0.8692038705972436
1311868205.7,-0.3674471804274808,0.45860714632118693,0.5194000974696035
1311868205.8,-0.44156893617591325,0.7885776184426149,0.40234565487131235
1311868205.9,-0.40688357777059136,1.084676720701722,0.5889947590813079
1311868206.0,-1.2193339740592746,1.513562944580517,0.33937076079222495
1311868206.1,0.09358180796347856,0.30643038206744533,1.4195462506856875
1311868206.2,-0.19675240150875745,-0.020087467268090888,1.2226841441810805
1311868206.3,-0.5969715904573937,-0.0557812858855023,1.3228576137902737
1311868206.4,-0.6978173704542995,0.021681759847847287,0.9331742803169081
1311868206.5,-0.7136349420360824,0.10248225958791873,0.907402758061845
1311868206.6,-1.9751973038888182,0.9268523322504443,0.4761018734053745
1311868206.7,-2.238620196058948,0.7063048540539578,0.34657118606276394
1311868206.8,-1.9445609361765408,0.5965073971835049,0.48285862070558533
1311868206.9,-1.9607902425205648,0.8866863595636536,0.3159311344958502
1311868207.0,-1.7033936057496266,0.49578476674252014,0.11913603302510094
1311868207.1,-2.02802105662392,0.748257189791084,0.4267809803289287
1311868207.2,-2.164762987740701,0.9039003763822895,0.5333885352958742
1311868207.3,-2.0251396122660417,0.48968813037818854,0.5071104832452832
1311868207.4,-0.6056152417411955,-0.012746233855408453,0.6167396719659928
1311868207.5,-0.8783792208065923,0.2641124950463856,0.28370168402290846
1311868207.6,-1.0493366576854672,0.5689444031144986,0.3198376980962093
1311868207.7,-1.1877903061221955,0.7836554279804298,0.0028284453629128475
1311868207.8,-0.7784936816306068,0.03423366000679533,0.11864768453717672
1311868207.9,-1.1428911300358524,0.2122656472682966,-0.1280462569483849
1311868208.0,-1.1521034807981936,-0.3100469059865147,-0.005386999516676673
1311868208.1,-1.7005123619181697,0.042481971101300246,-0.0757057764498764
1311868208.2,-2.3111235512269244,0.13742638601745594,-0.3385206101222751
1311868208.3,-2.345344925827245,0.3211339844112028,-0.10321486982376264
1311868208.4,-1.9799991095726843,0.10057946505489637,-0.20071699435009868
1311868208.5,-1.54011945901778,-0.04932611194242158,0.05614195323995589
1311868208.6,-1.1905208138495902,-0.0772987519995251,0.031237424218102973
1311868208.7,-0.7805467804381858,-0.17689830569334558,-0.2901668733460926
1311868208.8,-0.8846513631479193,-0.4918112630920623,-0.4031030753332061
1311868208.9,-0.605615321951764,-0.8533644378664487,-0.2637111964823533
1311868209.0,-1.1736662079801932,-0.23315332460606925,-0.4826245142923622
1311868209.1,-1.2769600137416537,-0.34268167268681027,-0.6997857399283182
1311868209.2,-1.9656317205153113,-0.6048879540571142,-0.839606226505152
1311868209.3,-1.75189565315868,-0.9308272439957024,-0.9219736373441049
1311868209.4,-0.7280705911057328,-0.7701629938423967,-1.1282908716158655
1311868209.5,-0.5614351001846114,-0.062236519729606934,-1.2208285973418864
1311868209.6,-0.08935138108844978,-1.228091177850855,-1.110178211837608
1311868209.7,-0.19392737742204508,-1.8167301499388313,-0.9288196850113737
1311868209.8,-0.6778639340674302,-1.2046709165925746,-1.4589817896456463
1311868209.9,-0.5537517699322985,-0.9035719486507047,-1.0723779366659536
1311868210.0,-0.6190614206039803,-1.1488716433904984,-0.6729278169547687
1311868210.1,-1.1593068711138255,-1.0427182834323079,-1.0528447924051982
1311868210.2,-0.8199689059211003,-0.8826398029471002,-1.04838996685412
1311868210.3,-1.0464554138540105,-0.8146327951977258,-0.9703178742270722
1311868210.4,-1.156611597940885,-0.7940811511891356,-1.39544961978189
1311868210.5,-0.9042521660474611,-0.8925202934743132,-1.05661175504049
1311868210.6,-0.6862918336544928,-1.1402647348162207,-1.1256051282573545
1311868210.7,-1.3276282645952788,-1.1139165866900085,-1.182928757840264
1311868210.8,-1.5404208148419416,-0.8400037270681743,-0.8076960465183396
1311868210.9,-1.3331459127717156,-1.0649532739615084,-0.670486298818182
1311868211.0,-1.6593705001166814,-1.1029382570904946,-1.0787858369842627
1311868211.1,-1.5503077110645775,-1.0242387811386524,-1.215590934373125
1311868211.2,-1.4119112791790827,-1.2376056303353935,-0.9928307711059063
1311868211.3,-1.241904305616522,-0.8888681042069756,-1.1138853762827219
1311868211.4,-0.6829304493599336,-1.1610648861686497,-0.9913158396485655
1311868211.5,-0.7698501506626578,-0.9839039239747978,-0.9600630657602874
1311868211.6,-0.8022035159792357,-1.1754240325192182,-0.8790299690061436
1311868211.7,-1.0296476501702454,-1.037697529358831,-1.1175478573994513
1311868211.8,-0.9725018311615372,-1.1287886570471033,-1.0616345757993952
1311868211.9,-0.7861772926199095,-0.991076322827936,-0.8873026687345765
1311868212.0,-0.7714571857722645,-1.119771667285452,-1.200867049683146
1311868212.1,-0.899508609605837,-0.9415858872011781,-1.1495331030416533
1311868212.2,-0.8173913155662429,-1.0448702576676012,-1.0045006778693406
1311868212.3,-1.0851554577042808,-0.6079518291092768,-0.856049863259953
1311868212.4,-0.5278200540804922,-1.123050588212033,-1.1138854986298314
1311868212.5,-1.0174463024993563,-0.7787116486709001,-0.8864456730080355
1311868212.6,-1.047827405806676,-1.251511836411845,-1.0857619526519662
1311868212.7,-1.18571868732345,-0.9910763827289599,-0.9161138633127134
1311868212.8,-1.4940185951876492,-0.9509103501411457,-0.9258804660298682
1311868212.9,-1.720267142885948,-0.7900773687869256,-1.1016486513944472
1311868213.0,-1.1972440235968353,-0.9824694142536582,-0.8746062197840956
1311868213.1,-1.5794972735218025,-0.704893310689246,-1.004012431337341
1311868213.2,-1.3134174891283474,-1.0780540881554925,-0.6975931923336923
1311868213.3,-1.4954593374192304,-0.7981359633551321,-0.7618028984345806
1311868213.4,-1.1626682554083845,-1.3841301594389706,-1.0196388488682575
1311868213.5,-1.5601944893304949,-0.9539200001569356,-1.0087711821388756
1311868213.6,-1.896441354038499,-0.882054093180026,-0.941995211657524
1311868213.7,-1.4109311551403987,-0.7362620545790858,-1.0391716323298834
1311868213.8,-1.042133508001541,-1.084318885642286,-1.0328236055242928
1311868213.9,-1.3403491025609258,-1.104402111589777,-1.0613903709686558
1311868214.0,-1.1559451659769922,-0.6833757247731752,-0.534731801616141
1311868214.1,-0.4365784469252985,-1.150306153111638,-0.8706994522718869
1311868214.2,-0.6987776914857885,-0.4029307515190439,-0.4478097470466972
1311868214.3,-0.8351596409132026,-0.6640099333893258,-1.022568899013433
1311868214.4,-0.7208675617376593,-0.9767314053196116,-0.48687579087398847
1311868214.5,-1.2515085586688024,-0.48254559178461476,-0.9234386624166925
1311868214.6,-1.04096715139228,-0.2619983259023822,-0.640787949534844
1311868214.7,-0.7146248132957906,-0.894247545611761,-0.6206770776449969
1311868214.8,-1.0454950527172373,-0.33837826332543913,-0.5083621047834062
1311868214.9,-0.5763219009631245,-0.6209750610623039,-0.5527997372836443
1311868215.0,-0.9859480501296061,-0.0460984051688337,-0.9349143115165103
1311868215.1,-0.8121092491034214,-0.08124377353470721,-0.26810602700589714
1311868215.2,-0.841402349249787,0.030647325802922308,-0.45415793073956784
1311868215.3,-1.0747883934953082,0.09340703625124588,-0.5161753543312342
1311868215.4,-1.210513672912407,-0.08634511343365647,-0.5496005888323944
1311868215.5,-0.9222578980188336,-0.5024738484978076,-0.6506658703498157
1311868215.6,-1.2315844572511776,-0.6938126744194999,-0.24913100653872855
1311868215.7,-1.5639609653056432,-0.09321892431916383,-0.08909181769098756
1311868215.8,-1.7072355315601306,0.23972597953957148,-0.5252093833385406
1311868215.9,-1.7091560132019714,0.10416576930825744,-0.38383915380636824
1311868216.0,-1.4266116255802426,-0.28541864828415636,-0.3428098787371638
1311868216.1,-1.483934041251129,-0.755101001176574,-0.49761880509040274
1311868216.2,-1.3989354632747941,-0.8038738524871307,-0.19534552802426142
1311868216.3,-1.627038999899367,0.10631732423638296,0.2036163451549238
1311868216.4,-1.0162017520444504,-0.16982417975535313,-0.36723601890841834
1311868216.5,-1.0089984419393871,-0.14902399845241204,-0.6831825846391834
1311868216.6,-1.263513834878869,0.06543385708492698,-0.23807397140354236
1311868216.7,0.0301930800917646,-0.17699663850951564,0.08299977425758082
1311868216.8,-0.07257366281039325,0.051806434041267974,0.31251291938341524
1311868216.9,-0.5009276963549227,0.05897877299338238,0.14892382262316123
1311868217.0,-0.9514475855101803,0.31392636801366297,-0.10393300187671083
1311868217.1,-0.7698499100309523,0.15939400421547845,-0.2436897852984137
1311868217.2,-0.8650506830196557,0.12517078094006648,0.4300398337535112
1311868217.3,-0.47307521812428555,-0.18667981873130404,0.6575148641318715
1311868217.4,-1.1722726688818021,0.45418419448305414,0.9053398031058048
1311868217.5,-0.5013609214992278,0.3054880168098769,0.8578764898013342
1311868217.6,-0.6357220789235728,0.40182497412823315,0.3214123711477866
1311868217.7,-0.6680436485814205,0.1450489968556179,0.3462073337553896
1311868217.8,-1.096398163389361,0.4233423253300874,0.05125871305493335
1311868217.9,-1.0474910911418587,0.5248825935058246,0.2527360308129347
1311868218.0,-1.1796425075857453,0.219218536374294,0.8234408264738842
1311868218.1,-1.8239283531564698,0.5072607247095893,0.7173345665939921
1311868218.2,-1.9281356377637875,0.5051089301773682,0.42971092851817927
1311868218.3,-1.9862703162524338,0.5839502591246575,0.41455369735893155
1311868218.4,-1.3235410982454554,0.5187366227756351,0.3349758079215716
1311868218.5,-0.07737534817840673,0.31718917502548094,0.017564257900588784
1311868218.6,-0.7165455355693371,0.9440662392505361,0.23291584743861496
1311868218.7,-0.873870858121344,0.7794793839921681,1.0469241558933298
1311868218.8,-0.9023902544901364,0.14648350657675735,1.121667824534275
1311868218.9,-1.0159475380159853,-0.0046174992990315215,0.6548863620280804
1311868219.0,-1.2087693197649365,0.5994274651341085,0.7612840137357856
1311868219.1,-0.9606042646493768,0.4278067682033078,1.0110473641342506
1311868219.2,-0.9119001972141676,0.3146297058696727,0.6141925938627688
1311868219.3,-0.6430723339716716,0.8501064515261283,0.4902633270372582
1311868219.4,-0.3438965788019347,0.940838532476948,0.46926528005102486
1311868219.5,0.3521540247405816,0.7289792145307895,0.19534470260212916
1311868219.6,0.9454881495792397,0.7030701036246729,-0.11770191120471271
1311868219.7,1.050920219284127,0.4944086079535105,0.27357646153636345
1311868219.8,0.5300993924339917,0.5531647063304265,0.25562296119869576
1311868219.9,0.5814828936374609,0.24852992431036686,0.3745780587476482
1311868220.0,0.969087351101995,-0.026330216432017862,0.3214124127624498
1311868220.1,0.773569990616033,0.1959737924509558,-0.05128953474239293
1311868220.2,1.2422628414859063,-0.3548749454154732,-0.15090797708876297
1311868220.3,0.7918182558996739,0.2698505638814562,-0.29252230949575037
1311868220.4,0.48207760580389325,0.30212694275556234,-0.36235275833221076
1311868220.5,0.6362276399465615,-0.009159899651535382,-0.336471675072804
1311868220.6,0.4863996720774997,-0.07299525278661814,-0.8755828148040193
1311868220.7,0.5344216592340194,-0.11316146507750449,-0.6895307275496841
1311868220.8,1.1903990889400196,-0.7328659806968614,-0.5913774734053812
1311868220.9,1.274858795947599,-0.7300410581879557,-0.6657026275407398
1311868221.0,1.0588192660387457,-0.4488347930409046,-0.6113987826333962
1311868221.1,1.1635068114250187,-0.7163695082604115,-0.7559431855767437
1311868221.2,0.7543610032480607,-0.6690307174133145,-0.8665489081438225
1311868221.3,0.42973355237376704,-0.5298842029286395,-0.9017082864148297
1311868221.4,0.5956931996847984,-0.5832973634625079,-0.5231913410076784
1311868221.5,0.6030924134632706,-0.32977123494911303,-0.6690212533544094
1311868221.6,0.6412651615739741,-0.5349929332692254,-0.6512520606144048
1311868221.7,0.48015680331977817,-0.5219942497098117,-0.48907336926523975
1311868221.8,0.647635353969028,-0.7040590501806525,-0.9320390932676157
1311868221.9,0.6299848513994085,-0.8454743947960847,-0.5457190818368497
1311868222.0,0.21651781915981347,-0.5155391356677549,-0.6485114325089906
1311868222.1,0.2890302585678631,-0.7063278204103858,-0.49175901066782624
1311868222.2,0.34521563622922957,-0.6159543369393391,-0.7642446204830167
1311868222.3,0.8014226693730915,-0.6597065240279549,-0.8858377252267285
1311868222.4,1.0444127260391878,-1.2270520038854418,-0.735921774392804
1311868222.5,0.7774118763212529,-0.768011349062735,-0.712482229661169
1311868222.6,0.6069342590632061,-0.6769205208795828,-0.85507315708808
1311868222.7,0.8528060007188861,-1.130223166768243,-0.9712945304205505
1311868222.8,0.6660011612930192,-0.8447570800344909,-0.9468781663659577
1311868222.9,0.9306015092218636,-1.0778638315012534,-1.1676011814474512
1311868223.0,0.6443913512936823,-0.9853384935969614,-0.7622914508343541
1311868223.1,0.7341921761120105,-1.3081013239216406,-0.7852427082516198
1311868223.2,0.9195563134115805,-1.088622444756217,-0.7276200947923119
1311868223.3,1.017680969924418,-0.9467562964953227,-1.1505707849538356
1311868223.4,1.1740717464563466,-0.5076494520035347,-1.010848861562211
1311868223.5,1.1318126480155828,-1.2327900128194884,-1.1534397074243825
1311868223.6,0.8576082876661634,-1.0463046176361812,-0.6431399661831536
1311868223.7,0.8777777163814775,-1.32818437016606,-0.9068357722129619
1311868223.8,0.6405493853778939,-0.7565354509966898,-0.8746061790017257
1311868223.9,0.9954307787987373,-0.8461916796071666,-0.9029291270478629
1311868224.0,1.057378884754723,-0.9408687521426561,-0.8514106759713508
1311868224.1,1.2127694488657565,-0.8107774155448589,-0.7108239641260474
1311868224.2,1.0703446825226997,-0.6769206107311185,-0.9092771068288842
1311868224.3,0.815829289583218,-0.5349048372000684,-0.6138404435082775
1311868224.4,1.1375754565207705,-1.2335072976305703,-0.6919724495981201
1311868224.5,0.930121007811203,-0.39145464379941464,-0.6675562486730068
1311868224.6,1.306612010704962,-0.8834886628021897,-0.539614980627609
1311868224.7,1.6927073067562861,-0.7608388903085727,-0.45464636079223175
1311868224.8,1.5697714960863722,-0.5449464651490701,-0.8599564176642877
1311868224.9,1.153902397951601,-0.4244484272866504,-0.6641379927782018
1311868225.0,1.183675999508627,-0.9437376517828874,-0.6690211921808547
1311868225.1,1.0857116237643152,-1.0197663075971455,-0.5327784280556291
1311868225.2,1.1279710430473529,-0.8569505324662258,-0.5635429350207228
1311868225.3,0.9744774194583651,-0.4083759520234087,-0.6118869613334948
1311868225.4,1.1398539824128788,-0.48770695411553455,-0.6056633248603345
1311868225.5,1.014169210048069,-0.5452392784686312,-0.6397913823896465
1311868225.6,1.2153704837603367,-0.7454179407568335,-0.3140086030139831
1311868225.7,1.1611059085830855,-0.5252220762854477,-0.6826943381071839
1311868225.8,1.1711904224143213,-0.38571675466741595,-0.46490123043257114
1311868225.9,1.4228247720487674,-0.7199555130086525,-0.75203643845572
1311868226.0,1.0650622952176043,-0.26737033163414614,-0.2729892467997349
1311868226.1,0.6150980105156111,-0.4330552460093926,-0.7808478165545213
1311868226.2,0.3913162193223705,-0.23724580719328509,-0.3018004617690565
1311868226.3,0.5952031785892159,-0.2093022338024275,-0.5336554728945708
1311868226.4,1.018961631913895,-0.5463810048207214,-0.5918657811109356
1311868226.5,0.7092208213969774,-0.46461445987446504,-0.44194995262412057
1311868226.6,0.5046477769400035,-0.30179844513944976,-0.5996790306587637
1311868226.7,1.0406301036669692,-0.41130349232113045,-0.836118231093295
1311868226.8,1.0708250235122234,-0.22648722388883338,-0.1841140429728133
1311868226.9,1.1990432615925166,-0.5922848965900228,-0.48443404843436744
1311868227.0,1.4607619646370618,-1.1438507395644621,-0.4751559777258011
1311868227.1,1.3623170473768047,-0.055781106182430526,-0.5698912002783334
1311868227.2,2.0134929922412126,-0.7551007316219662,-0.28568565496784604
1311868227.3,1.8463769999094304,-0.9709933963855647,-0.4932239337844891
1311868227.4,1.6957845434749474,-0.540115998902814,-0.4788433435787861
1311868227.5,1.6235558906952372,-0.5736363900172553,-0.31840345392871183
1311868227.6,1.4492366283636762,-0.5098010668326843,-0.42510277602491064
1311868227.7,1.4285874201328181,-0.40436523128967133,-0.36479441920709194
1311868227.8,1.3046911280102784,-0.523428999035047,-0.38774575818909723
1311868227.9,1.1222083147527337,0.12855231476558374,-0.40483716001023157
1311868228.0,1.6249963922951127,-0.36993717768539164,-0.3413548948666418
1311868228.1,1.654289933599605,-0.45887642098990644,-0.43023007830237836
1311868228.2,1.4396324555219642,-0.073712717300772,-0.17727736805372404
1311868228.3,1.6802215291355589,-0.022787742002362287,-0.08620483052977043
1311868228.4,1.91216703167592,-0.5793746086048857,-0.1960779589958156
1311868228.5,1.2969095406300157,0.14785939397745487,-0.03959957553738519
1311868228.6,1.163987112309258,-0.23545261014083663,-0.5166637232103434
1311868228.7,1.1884782864559045,-0.24154954601028783,0.11181111157401201
1311868228.8,1.020049217652503,-0.10756963542384164,0.22324899881429133
1311868228.9,1.442513859774558,0.6170000295149975,0.012680976933196222
1311868229.0,1.9376186070646244,0.4032593689372041,-0.14211807134745638
1311868229.1,1.8862351152976928,0.4513148156346314,0.2680752664919921
1311868229.2,1.479686427112074,0.9163423742581741,0.4340262063709592
1311868229.3,1.3142954612731277,0.033157867567476296,-0.43413664190273765
1311868229.4,2.0946597918624357,-0.33848062561805076,-0.09665396532436567
1311868229.5,1.6312395818951082,-0.10455431689913082,-0.4487864644137305
1311868229.6,1.5246309933930149,-0.13898237050341072,-0.6641378296487223
1311868229.7,1.5961834727171338,-0.2347354151812908,-0.5694027702256694
1311868229.8,1.797875112921514,-1.0470219922987987,-0.394093921490783
1311868229.9,1.5592066011603287,-0.810687833563568,-0.5523113480133502
1311868230.0,1.5291782712995938,-0.5467030638983656,-0.535150334016033
1311868230.1,1.7349663650917655,-0.9627449654890118,-0.7495947979720238
1311868230.2,0.8152215455642684,-0.725649579651765,-0.7509103148766938
1311868230.3,1.022322855787317,-0.3842823647483242,-0.5987022521181755
1311868230.4,1.3142953409572748,-0.8146326454451662,-0.6079805879121463
1311868230.5,2.9505585751747914,-2.071283955627778,-0.8742422787150926
1311868230.6,2.4908295345001723,-1.4648206124407883,-1.1744377748018007
1311868230.7,2.6219291367277755,-0.8200122665530236,-0.10891188311629664
1311868230.8,2.022136844051436,-0.8074602465920278,-0.5508464045055024
1311868230.9,1.8672909447586072,-0.6330659763882347,-0.8428451997728663
1311868231.0,1.2657936143904953,-0.07514701736832785,-0.5925982528648595
1311868231.1,1.4285876206592394,-0.5176908103979286,-0.19925217318936053
1311868231.2,1.2427429017384402,-1.449399632938537,-0.6870891482395427
1311868231.3,0.486399872603921,-0.713500398966596,-1.1026540339695683
1311868231.4,0.9891879100410159,-1.0922088388611142,-1.4908723627615315
1311868231.5,0.8748959110760411,-1.3683503428528503,-1.1622294296450246
1311868231.6,0.0806157695637962,-1.0032696554576233,-1.0059655398124487
1311868231.7,-0.5662372267107517,-1.1668028951026963,-1.5641213325782006
1311868231.8,0.29431260576767426,-1.884053442798798,-1.327771798009866
1311868231.9,-0.09670198398850391,-1.7865221408728262,-1.2776039474959184
1311868232.0,-0.5033287997232772,-1.4988901883673433,-1.2218051515794404
1311868232.1,-0.6166603172356259,-1.5232764942205737,-1.2808923822876368
1311868232.2,-0.33610941754144164,-2.0065908791437383,-1.3951223033209583
1311868232.3,-0.4874818784396963,-1.622974141126468,-1.5079638461474054
1311868232.4,-0.04520124483228998,-2.04471733354596,-1.5763293718672025
1311868232.5,-0.5892880596786596,-1.9048537139532753,-1.7819144402528135
1311868232.6,-0.6337619536174832,-2.008284349884208,-1.6483325018742594
1311868232.7,0.16321344469819823,-2.545358500727109,-1.0584604839529599
1311868232.8,-0.8822211867223806,-1.617953716508623,-1.4586428715062199
1311868232.9,-0.8394815868709563,-1.7298448757472764,-1.20178394430735
1311868233.0,-0.7554432096102573,-1.7398861143396223,-1.1441615755422614
1311868233.1,-1.2241362209012678,-1.1958514773516784,-1.0386832979909448
1311868233.2,-1.0522181822539138,-1.6215398111084005,-0.9522498366036443
1311868233.3,-0.39095804440054416,-2.2606102079631425,-0.9068354663451877
1311868233.4,-0.953773425414794,-0.9623863081082149,-0.6919725311628601
1311868233.5,-0.6521965668767027,-1.029808145199731,-1.0772610545038668
1311868233.6,-0.7093421853589896,-1.3869986996730583,-0.9878974206242813
1311868233.7,-0.542706814753721,-0.5262977189722067,-0.8433533643310775
1311868233.8,0.05612475583828673,-0.398268505073804,-0.724690268950171
1311868233.9,0.40620314041673633,-0.8375847111318646,-1.2154569474953847
1311868234.0,0.7121023058601397,-1.0262217810453456,-1.1212103589073656
1311868234.1,0.46478990218344696,-0.8526470033028071,-0.8531199466570477
1311868234.2,0.1430440560881684,-0.9595174384184955,-0.5816109114705961
1311868234.3,-0.5364641064171365,-0.35128888076620784,-0.26224613062739577
1311868234.4,-0.9009494721532709,-0.2530252643732616,-0.2544329626443075
1311868234.5,-0.7400762282633576,-0.23796312195487904,-0.14162986559782687
1311868234.6,-0.7386449760429605,-0.3287867774769329,-0.2571330538002943
1311868234.7,-0.6051350210675247,-0.07156107252111042,-0.4282767251330514
1311868234.8,-0.5311814383750513,-0.32618487079472785,-0.19485717953633722
1311868234.9,-0.7203874212745569,-0.37280616717715886,-0.20657699268452473
1311868235.0,-1.0085180608445792,-0.042870758296269414,-0.39067570637834803
1311868235.1,-0.6939755649596482,-0.20568686288282068,-0.35258644109164466
1311868235.2,-0.34437651873861586,-0.10634745405055546,-0.4009304740627627
1311868235.3,0.11086975221563034,-0.20496954812122678,-0.1020754121090566
1311868235.4,-0.02070991026450641,-0.07442988230980593,-0.1001220793309146
1311868235.5,-0.20156572089173658,-0.05999703682193232,0.0035024996848618223
1311868235.6,-0.23680768941560193,-0.27884646930428725,-0.25199122020468656
1311868235.7,-0.6930149631911694,0.001598743553940078,-0.37749086815757293
1311868235.8,-0.6339479005402193,0.28060953654256326,-0.005387019907861716
1311868235.9,-0.5575933749005286,0.20816703522910693,-0.2944756422738922
1311868236.0,-0.2382484316471831,0.2347053452681424,-0.0717991720671471
1311868236.1,0.19874941360228526,-0.321881281730285,-0.2505262970880235
1311868236.2,0.6496738990199147,-0.6073471588104534,-0.09304140349293517
1311868236.3,0.13536056541471853,-0.07299528273713035,-0.048847935041066534
1311868236.4,-0.03667931544533677,0.11633071355072,-0.6319946218932262
1311868236.5,0.6419902880306121,-0.29534324124585726,-0.41265026681976513
1311868236.6,1.039610840144753,-0.3581026521890615,-0.027850030793127725
1311868236.7,0.8580884281292659,-0.29534318134483306,-0.09084386588405349
1311868236.8,0.3026623442480996,0.12517084206356022,-0.10064029632715037
1311868236.9,0.3322497181454,0.2436708213716816,-0.023454996357734778
1311868237.0,0.7173844926388138,-0.06833318604445031,-0.15408208932638326
1311868237.1,0.8595290500449942,0.173738951674315,-0.25931618243814525
1311868237.2,1.0059956336194968,0.23470534526814243,-0.0556843856571215
1311868237.3,1.0247237987345343,0.5395371335342078,0.02244764082390587
1311868237.4,1.5982707546916175,-0.163193267821518,-0.21923363845816607
1311868237.5,1.3277040276703058,0.030893530756584242,0.14070848009932346
1311868237.6,0.7279492672490047,0.1819875023729158,-0.11184193326147192
1311868237.7,0.5680366251275701,0.5847236206903798,-0.048359688509067016
1311868237.8,1.0933950342271965,0.036026797158219756,0.4800084777881036
1311868237.9,1.287599262585226,-0.12147574981505228,0.256136089137778
1311868238.0,1.7753047813642668,0.04176474619124252,0.19091973307496346
1311868238.1,1.7748244002694589,0.7052218083053586,0.18310662626542992
1311868238.2,1.7947683546212652,0.47208600239704923,0.28154908192727
1311868238.3,1.411506574850291,0.15430294160879318,0.04878837697628538
1311868238.4,1.1724449189797224,0.18189231353353746,0.0904543407817309
1311868238.5,1.4444344216269676,-0.21321785921573203,0.3745301186720473
1311868238.6,1.1745520874458701,-0.08303676093357208,0.23975248157533433
1311868238.7,1.1997637647215347,0.4317101826451682,-0.20901861107777064
1311868238.8,1.6605609798582173,-0.002507779363473338,-0.3749057209115634
1311868238.9,2.306266008963866,-0.6157748422731868,-0.5126960319353557
1311868239.0,1.8146825958682893,-0.7945497789038185,-0.07472912025639782
1311868239.1,1.228816582412553,0.20888432004018867,-0.4346249699994768
1311868239.2,1.559206761581466,-0.22361811459501843,0.1811532934872879
1311868239.3,2.1676429060680285,-0.29964671050825215,0.04442226243887811
1311868239.4,2.5758281124765072,-0.510159933867065,-0.19241566139975044
1311868239.5,2.2689685858963307,-0.8167845597794354,-0.2905689359352386
1311868239.6,1.6235559709058058,-0.08231956597402601,-0.2905690378911631
1311868239.7,1.765700488206702,-0.36850284766732394,-0.717365388281452
1311868239.8,0.8499249173085665,0.17373889177329105,-0.869722918425518
1311868239.9,1.0813895574907086,-1.0520427763227875,-0.28177909136748674
1311868240.0,1.4660443920474413,0.10990353863820845,-0.5357083762448798
1311868240.1,2.2214275012033142,-0.6582720143068151,-0.4829691864912593
1311868240.2,2.644499388074454,-0.7916805498079555,0.13183248197558184
1311868240.3,2.317470914042374,-0.6439269470459307,-0.27958175767045446
1311868240.4,1.8491603688408507,-0.43911535436258886,-0.2874995178671094
1311868240.5,1.205766351023909,0.27092653602384664,-0.360399609074733
1311868240.6,1.517427723393236,-0.09666484288849445,-0.36625932193257
1311868240.7,1.697509393177142,0.37385165009923393,-0.10647028341497018
1311868240.8,1.6504481682102383,1.126247925567353,-0.2051120899590466
1311868240.9,1.565929971328711,0.44055611252813165,-0.5474281486106973
1311868241.0,1.4333893862378213,-0.022070427240768263,-0.8028223566047535
1311868241.1,1.3944919528286066,-0.34877833900165356,-0.5364408683899887
1311868241.2,1.3618370272295552,-0.05004333685247977,-0.7051573286012652
1311868241.3,1.3892096056287955,-1.1259196076543119,-0.6333734450307381
1311868241.4,1.332543806767337,-0.7751838078168974,-0.6529064873355687
1311868241.5,1.6648545878939434,-1.356874414836293,-0.669509479495224
1311868241.6,1.7647400869646443,-0.902854544037575,-1.0027914683571983
1311868241.7,1.8718285351928503,-1.2916047616336548,-0.7654653999424947
1311868241.8,1.300849121989206,-1.2894527274973373,-0.6692653970115942
1311868241.9,0.9426068656424986,-0.6812242596965855,-0.9539591480717111
1311868242.0,1.2302572444335658,-1.1721823964085059,-0.6194562370119638
1311868242.1,1.5972909580430095,-1.1717355610530704,-0.6358051346161878
1311868242.2,1.3757633866607264,-0.6582720742078391,-0.49078241564790237
1311868242.3,1.5976242550539996,-1.1029675719181256,-0.035174931853031735
1311868242.4,1.3655122484690139,-0.7670012735477849,0.26211565846761575
1311868242.5,1.4991794982148796,-0.07442988230980582,-0.6177470274998217
1311868242.6,1.9712336932740278,-0.2465698807765971,-0.01661850495930985
1311868242.7,1.1702299409616952,-0.05865033527829358,-0.06838085499878742
1311868242.8,1.2264154389389144,-0.7802046517419101,0.1469704694538344
1311868242.9,0.6429505689568168,0.3200581345667364,-0.24857302548343635
1311868243.0,1.781547610016704,0.09268969153914008,-0.15139626440313236
1311868243.1,1.5919007259916014,-0.1317220338909643,-0.2675679044678484
1311868243.2,1.1134892796893385,-0.018680967735554235,-0.3275094302333453
1311868243.3,0.8206117776156763,-0.3154261273467226,0.09967284176461971
1311868243.4,0.6834065665564775,-0.10171476876062624,-0.1788720760687162
1311868243.5,0.22852297505402722,-0.08160243091550401,-0.3052187584462313
1311868243.6,0.498405389445693,-0.05506391122288469,0.27393518326167826
1311868243.7,0.9459683301476263,0.4893294130963679,-0.03615148609058555
1311868243.8,1.4266665775434189,-0.47322154815181483,-0.5112921345373964
1311868243.9,1.2657933336535054,-0.07371247769667617,0.020982595360133516
1311868244.0,1.2067267121606822,-0.6977208818855958,0.16162033274719723
1311868244.1,1.1894386475926777,-0.6482304462588375,0.4297109285181792
1311868244.2,0.6765467213796759,0.2763058319547172,-0.1130975833117694
1311868244.3,1.3411877387881284,0.5596197904219714,0.19677971101820435
1311868244.4,0.8177500118567644,-0.13396164638044566,-0.25638615268415493
1311868244.5,0.6645604190614379,-0.09702314086314759,0.025865733589231613
1311868244.6,0.34372815246841626,1.0501628940806,0.7065915699699725
1311868244.7,1.0205396070619204,0.3923101854644784,0.07376172145751568
1311868244.8,1.2360198925176165,-0.5592915024594426,-0.265664304957461
1311868244.9,0.6610484748115164,-0.3442569803519682,-0.044089132262001736
1311868245.0,0.09358172775291003,0.5596199701250435,-0.36284114760250463
1311868245.1,0.03168268365517151,0.10101862696691903,-0.829142032196265
1311868245.2,-0.022150853022508857,0.38317638259380904,-0.3511213548455024
1311868245.3,0.0657288885747146,-0.13037540202810868,-0.1968105530968492
1311868245.4,0.7514800401535937,-0.8634056465082826,-0.22830751142468186
1311868245.5,1.0833104401853924,-0.03713271941171107,0.5806035559367674
1311868245.6,1.248505589927775,0.33296884185904085,-0.13235157058622615
1311868245.7,1.5899406440646968,-0.43807600008286945,-0.5947957496913712
1311868245.8,2.089847758512609,-0.6371131456725653,-0.10598201649178547
1311868245.9,2.5431734676144457,-0.6485892234416823,-0.7051574101660047
1311868246.0,1.8631848839090486,0.15939412401752626,-0.730550226502227
1311868246.1,1.8805213915680574,-0.42228188304413794,-0.46788098013762386
1311868246.2,2.1229825839430574,-1.020483802061811,-0.5874708078490974
1311868246.3,1.8521397282040497,-0.5944367210727564,-0.45513462771541613
1311868246.4,1.9097660085181343,-0.7199554830581405,-0.4048371396190466
1311868246.5,1.6269173953056493,-0.515539015865707,-0.4312067548870418
1311868246.6,1.6562107761890044,-0.2931914167631238,-0.7432467570174478
1311868246.7,1.5149677822989787,-0.5152317382825713,-0.5889657921499623
1311868246.8,1.2735616973313546,-0.06790416434027591,-0.41751446123823477
1311868246.9,1.2767982871531456,0.10745308633622441,-0.15815141961302911
1311868247.0,1.294459435152103,0.21263147137874255,-0.4957853179644492
1311868247.1,1.2384210760965393,-0.2171628208498899,-0.6197004418427032
1311868247.2,1.4794907313313632,-0.5865468577054644,-0.3105903267279933
1311868247.3,1.36759971541889,-0.6209747915076962,-0.2905688951528687
1311868247.4,0.7495589970377732,-0.19277645509563548,-0.4678310358835273
1311868247.5,1.0506557552180462,0.11922791172663993,-0.719318741450779
1311868247.6,1.4997772101834388,-0.3381146486988704,-0.6323171392043307
1311868247.7,1.4622026667633585,-0.988207393237193,-0.4214401317787019
1311868247.8,1.1260500400368165,-0.7819977888933347,-0.476620900842464
1311868247.9,1.5688110547390306,-0.7611976075903936,-0.6299551483535633
1311868248.0,1.1063609924163103,-0.7321488456383396,-0.7989156910484696
1311868248.1,1.0809096175540276,-0.43233811095087077,-0.5264302443627585
1311868248.2,1.3157360831888558,-1.3138392729546635,-0.40874370321940595
1311868248.3,1.0021538281248454,-0.44381403896742816,-0.6240952111926923
1311868248.4,1.1164455062475462,-0.773031953383652,-0.7696162499383332
1311868248.5,1.455959757900353,-0.906440788389912,-0.7730344038772133
1311868248.6,1.2024046458870759,-0.7981359933056438,-0.8111237303374714
1311868248.7,0.04315891796502564,0.03244049290485874,-1.2804043600586714
1311868248.8,1.034808432881623,-0.8920958708815874,-0.5913775345789359
1311868248.9,1.6408435542103994,-2.032524180619345,-0.7796267924008237
1311868249.0,1.5214095648431316,-1.4525675934325044,-1.0071254260959253
1311868249.1,1.7311247601235353,-1.1789960480293116,-1.046984896026697
1311868249.2,1.6225954493478953,-1.0255045860857999,-1.276009203276169
1311868249.3,1.1928001120978053,-0.7834321488619145,-0.9175789699500406
1311868249.4,1.1097224970267223,-1.0061385850483666,-0.6831826050303684
1311868249.5,0.3845936913649577,-0.4445312938279979,-0.8116122011725053
1311868249.6,0.5421047488546268,-0.8114051782756738,-0.5352199665834008
1311868249.7,0.8364786582352132,-0.8375846512308405,-0.7998925103714275
1311868249.8,0.727469086680618,-0.49186984507099857,-1.0025474266559384
1311868249.9,0.8513652985925892,-0.9451722813060752,-0.8968248423179577
1311868250.0,0.2899909405469104,-0.8720127647361443,-0.7461765420772188
1311868250.1,-0.13884327356600568,-0.6202577463007102,-0.9546915994344503
1311868250.2,0.28326765058909675,-0.8246741835426314,-0.8863259513675432
1311868250.3,0.9061101345487959,-0.9179168362085173,-0.5962607543727738
1311868250.4,0.2991146921885304,-0.5886986522376857,-0.6978324479325461
1311868250.5,0.39179704157530515,-0.5872641724670581,-0.8370052418117617
1311868250.6,1.1870377447507445,-0.7586872455289111,-0.546207389542404
1311868250.7,0.7783723176685946,-0.8971167447571123,-0.5571947105454825
1311868250.8,0.8878619093704393,-1.1359612356033137,-0.3774909089399427
1311868250.9,0.18866453882349116,-1.0778638315012534,-0.4917589902766412
1311868251.0,-0.5134134739756498,-0.21357660644806473,-0.004898528681642952
1311868251.1,-0.10138634175666661,-1.087905399549231,-0.11941097797856047
1311868251.2,-0.4116073328419709,-0.5750709596394189,-0.31303198760287443
1311868251.3,-0.514373795007139,-0.15476203733697086,-0.39360573613233824
1311868251.4,-0.5739209981211914,-0.04287084814780538,-0.4456123113937403
1311868251.5,-0.1697149635352636,-0.11196099171304445,-0.8682580052963742
1311868251.6,-0.21471797958486813,-0.49904230382516096,-0.199252275145285
1311868251.7,-0.7832961289990213,0.2884990704542238,-0.07570577644987646
1311868251.8,-0.48171915014507716,-0.15045850817355183,-0.3823742102985202
1311868251.9,-0.3431811627349376,0.05125013628818005,-0.5157168273270523
1311868252.0,-0.11675348352470337,-0.13683060592170115,-0.40386044264319815
1311868252.1,-0.11867428600881837,-0.6263543826650417,-0.18264909946496544
1311868252.2,-0.7645675628311411,-0.6439270069469545,0.07616336442389554
1311868252.3,-1.3653204171706748,0.15150417079869835,-0.06154438399154751
1311868252.4,-0.8798200833540261,0.10703454914644105,-0.23587653575058568
1311868252.5,-0.02679289104957456,-0.040479978058299726,0.038016453657218334
1311868252.6,-0.0628904465457902,-0.2780997516972315,-0.2835132909009823
1311868252.7,-0.052686592596553936,-0.013758865363109947,-0.2408555905151569
1311868252.8,-0.18974638423812945,-0.02350502681344411,-0.2768959939207584
1311868252.9,-0.37367010014839247,0.14217985761129065,-0.365282808477386
1311868253.0,-0.15060409988378534,-0.17600132920819975,-0.3074311312663704
1311868253.1,0.24436989633760803,-0.8329226743402084,-0.37602590425854
1311868253.2,-0.4173698205048844,0.030288878075709017,-0.5689145033024849
1311868253.3,-0.6353889235087903,0.010922817137252162,-0.6563247636215586
1311868253.4,-0.182455102782815,-0.7465084303402386,-0.7145351042973604
1311868253.5,-0.03991841636906766,-0.8547986480824686,-0.949319725284914
1311868253.6,0.08157641143755924,-1.147437043817823,-0.6475348986626218
1311868253.7,0.07389320150109918,-0.6482305361103735,-0.6909959361429362
1311868253.8,-0.06104820622115504,-0.46748329961367246,-0.7759644948047588
1311868253.9,0.4772753188566159,-1.3626122440672679,-0.7137029683382775
1311868254.0,0.07629402413246378,-0.7931151194301193,-0.6878216811670214
1311868254.1,-0.5311813982697671,-0.506932017439893,-0.9690969724204842
1311868254.2,-0.15276979341831406,-0.5858296926964303,-0.8208904350105511
1311868254.3,0.4002237586583023,-1.0101751365226475,-0.8282823071190046
1311868254.4,0.27414357810520273,-0.869860910302899,-1.0284287342183793
1311868254.5,0.37642965917556287,-1.0011178309748898,-0.6284901436721606
1311868254.6,0.4739137340356354,-0.9143305619056684,-0.8785129057315645
1311868254.7,0.8519730868091989,-1.1388006639397699,-0.9205786647308362
1311868254.8,0.9445277884424663,-0.8684266102353432,-1.1285352803584545
1311868254.9,1.1342136711733688,-1.2794113092019195,-1.2325482677517792
1311868255.0,1.145739288183744,-1.2722387905467334,-1.1832275989783676
1311868255.1,1.16590807521451,-0.9423033816658435,-0.8550731978704499
1311868255.2,1.1164455864581146,-0.8834889623073096,-0.8897444315653824
1311868255.3,1.0223228958926012,-0.9200686606912508,-1.0005940938777966
1311868255.4,0.7500392578167283,-0.9007027794558655,-0.9512731804101658
1311868255.5,0.9445277884424663,-1.16752020986429,-0.7759644744135739
1311868255.6,0.45854723395214675,-1.3959645351827408,-1.0982590199253601
1311868255.7,-0.02662949932907438,-0.5715870800246332,-1.0693182930498994
1311868255.8,0.3846877185970829,-0.7654657704845648,-1.1444966682823392
1311868255.9,0.9254756782139467,-1.1424603108845874,-1.1383315301939132
1311868256.0,0.7194277711563971,-1.122684821989131,-1.211760990050405
1311868256.1,0.5848444690219039,-1.0527600910843813,-1.1236520809558015
1311868256.2,1.1263835089275964,-1.7513914739296836,-1.2900611304438796
1311868256.3,0.5008059714453521,-0.9853383737949136,-1.113885315109167
1311868256.4,0.2818268682522313,-1.0814500758535905,-1.0518680750381648
1311868256.5,0.7389942625328665,-0.9455310584889197,-0.6392333821916093
1311868256.6,1.1440237363596948,-1.128554410425605,-0.8954147981221449
1311868256.7,0.8388795610771463,-1.0972294731325427,-1.024033760956541
1311868256.8,0.589166174347952,-0.4689177494337882,-0.5913773510582716
1311868256.9,0.9205166745483537,-0.5255806438147085,-1.0176854141341911
1311868257.0,0.47775569995142386,-0.7744666727583757,-0.8365168321502828
1311868257.1,0.042886069134188076,-0.4416481759162917,-0.6616772101696078
1311868257.2,0.05765359710224856,-0.616232382822796,-0.8450874186293991
1311868257.3,-0.06777141596840015,-0.5298841430276154,-1.1426966116432284
1311868257.4,0.6804079018189984,-1.0599326097395676,-0.816983565542418
1311868257.5,0.34521559612394526,-1.1832994873411944,-0.7134588654634626
1311868257.6,0.6227816215049138,-0.40866876045309036,-0.5386383040429454
1311868257.7,1.0896318449113875,-0.7794433885770331,-0.45343055886260974
1311868257.8,-0.055285558137104444,-0.02996029060806058,-0.7510599453917212
1311868257.9,-0.46699230496773597,-0.04575385213011313,-0.5802895338994806
1311868258.0,-0.36670197070410193,-0.9163065316517737,-0.5311639405912534
1311868258.1,0.138722310656836,-0.8225224788619463,-0.3389132747741304
1311868258.2,0.10222586030012294,-0.7543835067119083,-1.0967940560263274
1311868258.3,0.4441406137420203,-1.310970403264944,-1.3375383395534661
1311868258.4,-0.579203265110434,-0.8949648603733548,-1.1519749270460142
1311868258.5,-1.1590616215712788,-0.923259787498734,-1.2604128469294544
1311868258.6,-0.31940536455000396,-1.6480780312959,-0.998152269873436
1311868258.7,0.5042710601412138,-1.7450052511467888,-0.8436023043148199
1311868258.8,-0.13644257125049386,-1.2202382324625887,-0.8101472984470273
1311868258.9,-0.21237671497167585,-1.4428549543863214,-0.6444420971245486
1311868259.0,-0.34821856486497266,-0.9093098976837274,-0.7867075701947279
1311868259.1,-0.4787623408806807,-0.8554739299432097,-0.9187658312722619
1311868259.2,-0.6075364051728688,-1.0728430175267527,-0.6753694166560951
1311868259.3,-0.8846513222241598,-0.5247463741375913,-0.7254974885458543
1311868259.4,-0.3213262071394032,-1.130223136817731,-0.6460698939812191
1311868259.5,-0.9749028142140388,-0.6510994657011169,-0.43901994326131516
1311868259.6,-1.3019312882461185,-0.22505235476155008,-0.9683645006665603
1311868259.7,0.14389694161093944,-0.9111833743329445,-0.536645091100837
1311868259.8,-0.35206000941206567,-0.022787742002362218,-0.12795667888912754
1311868259.9,-0.12827869948223605,-0.6123679428344421,-0.5503579948440234
1311868260.0,0.10606758558420575,-0.545663630158104,0.005600280704031954
1311868260.1,-0.39543051964491355,-0.033448155750297526,-0.4167963116928486
1311868260.2,-0.18542491954378681,-0.3025155801979717,-0.5454748770061103
1311868260.3,0.17868811200722376,-0.5357246120518642,-0.7484188241880394
1311868260.4,-0.27773004255874856,-0.2816731246282873,-0.38304448254116863
1311868260.5,-0.6719835581491613,-0.12257337495512464,-0.5670409404236483
1311868260.6,-0.7746519563465241,-0.4947388645132779,-0.2568746031280038
1311868260.7,-0.8183518772294375,-0.4366414903617297,-0.7366543888850225
1311868260.8,-0.6357219152285349,-0.6176959848820488,-0.6218530073174384
1311868260.9,-0.5864064950049288,-0.43162073628825304,-0.8033107254838626
1311868261.0,-0.47547612096621866,-0.6987967342259384,-0.4942007327162621
1311868261.1,-0.975383235414131,-0.18775558122011066,-0.4146035588155372
1311868261.2,-0.839001165670864,-0.8304121924766784,-0.7862192624891736
1311868261.3,-0.6872521947912661,-0.07156086286752653,-0.4478097674378821
1311868261.4,-0.28867140185620443,-0.9100270027917372,-0.7168771213582675
1311868261.5,-0.3626248642328251,-0.45744179146671876,-0.36674779276760366
1311868261.6,-0.3127998138850611,-0.75968237696086,-0.6059076416916359
1311868261.7,-0.6265940359844405,-0.4483285495206419,-0.5783746217121939
1311868261.8,-0.45735517768296013,-0.5086447344105135,-0.7932650531712018
1311868261.9,-0.48556087542916004,-0.6087817883336407,-0.8614213611721355
1311868262.0,-0.5186077737070173,-0.5408476776854528,-0.599429903229523
1311868262.1,-0.4437817570303617,-0.6830171871944263,-0.5523114703604598
1311868262.2,-0.46557981258383285,-0.6023264182440701,-0.6492297911639792
1311868262.3,-0.316720228192278,-0.6557542838081539,-0.7334702337807503
1311868262.4,-0.5393452700380248,-0.5090839018236507,-0.628490327192825
1311868262.5,-0.6094571675516997,-0.6446442318570124,-0.7183421260396702
1311868262.6,-0.289971040329348,-0.7570276541867549,-0.6736459760960065
1311868262.7,-0.37748227111187993,-0.5423116159239216,-0.6101432237192109
1311868262.8,-0.4321528838542139,-0.6121710047111697,-0.7478523168431351
1311868262.9,-0.3245604020265608,-0.6081816546444981,-0.6731769747627132
1311868263.0,-0.35109996911756647,-0.5607257725764864,-0.5591479821500696
1311868263.1,-0.20793611790558783,-0.6133047508398334,-0.7055658959539248
1311868263.2,-0.3849552258217318,-0.7099141995400269,-0.8682581431449459
